Duncan,Pratt
Jin,Carey
Hillary,Sears
Lara,Morrison
Jemima,Savage
Elliott,Hayes
Wayne,Colon
Vaughan,Espinoza
Branden,Garrett
Quintessa,Joseph
Odessa,Kelley
Owen,Bolton
Benjamin,Saunders
Murphy,Bowen
Sierra,Mays
Caleb,Puckett
Carlos,Bullock
Dylan,Sampson
Ferris,Holden
Illana,Oneil
Charlotte,Brown
Ezra,Savage
Meredith,Morse
Talon,Mccray
Drew,Wade
Dante,Jones
Lenore,Walls
Rashad,Clements
Jason,Hurley
Micah,Henry
Brooke,Watson
Armando,Pitts
Hayfa,Pollard
Caryn,Dean
Nevada,Wright
Lewis,Hewitt
Stewart,Kirk
Leslie,Dean
Meredith,Dejesus
Barry,Parrish
Cedric,Sykes
Chanda,Whitfield
Donovan,Blair
Zane,Barker
Hedda,Serrano
Aileen,Newton
Margaret,Middleton
Maxwell,Henry
Hilel,Durham
Melissa,Chang
Keaton,Patrick
Caesar,Odonnell
Iona,Herring
Ivy,Campbell
Joan,Alston
Cain,Leon
Vielka,Aguilar
Mia,Sloan
Gwendolyn,Johnston
Inga,Mcknight
Phelan,Burns
Rose,Sims
Madaline,Benson
Abdul,Benton
Rebekah,Anderson
Nash,Lewis
Thor,Calderon
Macon,Fernandez
Nevada,Lawson
Raja,Bennett
Winifred,Gregory
Owen,Huffman
Upton,Patton
Ivory,Branch
Cameran,May
Rina,Young
Gregory,Hammond
Uriah,Hyde
Basil,Duffy
Chaney,Reilly
Ora,Carney
Nayda,Wilder
Fatima,Webster
Lillith,Webb
Lois,Perry
Amos,Davenport
Xantha,White
Yvette,Cross
Marcia,Dalton
Kieran,Vaughn
Barbara,Wright
Benedict,Roberson
Cleo,Dalton
Carlos,Carroll
Murphy,Frazier
Leonard,Perez
Stuart,Stein
Casey,Atkinson
Preston,Hicks
Jessica,Arnold